{"cameraMode":{"drawMode":0,"name":"Shaded","section":"Shading Mode"},"sceneLighting":false,"audioPlay":false,"sceneViewState":{"showFog":true,"showMaterialUpdate":false,"showSkybox":true,"showFlares":true,"showImageEffects":true,"showParticleSystems":true},"in2DMode":false,"pivot":{"x":0.5500539541244507,"y":-5.0259199142456059,"z":-11.224833488464356},"rotation":{"x":0.15801426768302918,"y":0.4714714288711548,"z":-0.0860755667090416,"w":0.8634413480758667},"size":46.8082275390625,"orthographic":false}