{"cameraMode":{"drawMode":0,"name":"Shaded","section":"Shading Mode"},"sceneLighting":false,"audioPlay":false,"sceneViewState":{"showFog":true,"showMaterialUpdate":false,"showSkybox":true,"showFlares":true,"showImageEffects":true,"showParticleSystems":true},"in2DMode":false,"pivot":{"x":4.531539440155029,"y":2.498488426208496,"z":-1.3633867502212525},"rotation":{"x":-0.22541256248950959,"y":0.30815330147743227,"z":-0.07547038793563843,"w":-0.9212016463279724},"size":66.10443878173828,"orthographic":false}