{"cameraMode":{"drawMode":0,"name":"Shaded","section":"Shading Mode"},"sceneLighting":false,"audioPlay":false,"sceneViewState":{"showFog":true,"showMaterialUpdate":false,"showSkybox":true,"showFlares":true,"showImageEffects":true,"showParticleSystems":true},"in2DMode":false,"pivot":{"x":0.7769931554794312,"y":1.4335943460464478,"z":4.272868633270264},"rotation":{"x":-0.12617522478103639,"y":-0.7983804941177368,"z":0.17964263260364533,"w":-0.5607383847236633},"size":11.523614883422852,"orthographic":false}